n,variance,layer,architecture,task,kind,source
1,26066.246,c2,AtlasNet_seed=0,Standard,a_NA,pcs_1000
2,6388.9155,c2,AtlasNet_seed=0,Standard,a_NA,pcs_1000
3,5981.459,c2,AtlasNet_seed=0,Standard,a_NA,pcs_1000
4,4961.5645,c2,AtlasNet_seed=0,Standard,a_NA,pcs_1000
5,4124.546,c2,AtlasNet_seed=0,Standard,a_NA,pcs_1000
6,3875.244,c2,AtlasNet_seed=0,Standard,a_NA,pcs_1000
7,3006.4458,c2,AtlasNet_seed=0,Standard,a_NA,pcs_1000
8,2318.1663,c2,AtlasNet_seed=0,Standard,a_NA,pcs_1000
9,2286.3772,c2,AtlasNet_seed=0,Standard,a_NA,pcs_1000
10,2061.0283,c2,AtlasNet_seed=0,Standard,a_NA,pcs_1000
11,1823.2968,c2,AtlasNet_seed=0,Standard,a_NA,pcs_1000
12,1677.1836,c2,AtlasNet_seed=0,Standard,a_NA,pcs_1000
13,1630.7521,c2,AtlasNet_seed=0,Standard,a_NA,pcs_1000
14,1546.4802,c2,AtlasNet_seed=0,Standard,a_NA,pcs_1000
15,1405.9069,c2,AtlasNet_seed=0,Standard,a_NA,pcs_1000
16,1345.873,c2,AtlasNet_seed=0,Standard,a_NA,pcs_1000
17,1324.3995,c2,AtlasNet_seed=0,Standard,a_NA,pcs_1000
18,1235.6494,c2,AtlasNet_seed=0,Standard,a_NA,pcs_1000
19,1204.1099,c2,AtlasNet_seed=0,Standard,a_NA,pcs_1000
20,1132.5614,c2,AtlasNet_seed=0,Standard,a_NA,pcs_1000
21,1119.9076,c2,AtlasNet_seed=0,Standard,a_NA,pcs_1000
22,1093.0521,c2,AtlasNet_seed=0,Standard,a_NA,pcs_1000
23,1065.7191,c2,AtlasNet_seed=0,Standard,a_NA,pcs_1000
24,1034.7451,c2,AtlasNet_seed=0,Standard,a_NA,pcs_1000
25,1029.0623,c2,AtlasNet_seed=0,Standard,a_NA,pcs_1000
26,990.4979,c2,AtlasNet_seed=0,Standard,a_NA,pcs_1000
27,972.60864,c2,AtlasNet_seed=0,Standard,a_NA,pcs_1000
28,959.30505,c2,AtlasNet_seed=0,Standard,a_NA,pcs_1000
29,933.78235,c2,AtlasNet_seed=0,Standard,a_NA,pcs_1000
30,908.6481,c2,AtlasNet_seed=0,Standard,a_NA,pcs_1000
31,902.54645,c2,AtlasNet_seed=0,Standard,a_NA,pcs_1000
32,901.6329,c2,AtlasNet_seed=0,Standard,a_NA,pcs_1000
33,876.4005,c2,AtlasNet_seed=0,Standard,a_NA,pcs_1000
34,871.2058,c2,AtlasNet_seed=0,Standard,a_NA,pcs_1000
35,866.6305,c2,AtlasNet_seed=0,Standard,a_NA,pcs_1000
36,832.5545,c2,AtlasNet_seed=0,Standard,a_NA,pcs_1000
37,817.87726,c2,AtlasNet_seed=0,Standard,a_NA,pcs_1000
38,813.75323,c2,AtlasNet_seed=0,Standard,a_NA,pcs_1000
39,791.18665,c2,AtlasNet_seed=0,Standard,a_NA,pcs_1000
40,782.0412,c2,AtlasNet_seed=0,Standard,a_NA,pcs_1000
41,775.4315,c2,AtlasNet_seed=0,Standard,a_NA,pcs_1000
42,765.9225,c2,AtlasNet_seed=0,Standard,a_NA,pcs_1000
43,759.77814,c2,AtlasNet_seed=0,Standard,a_NA,pcs_1000
44,748.34094,c2,AtlasNet_seed=0,Standard,a_NA,pcs_1000
45,745.1792,c2,AtlasNet_seed=0,Standard,a_NA,pcs_1000
46,733.5969,c2,AtlasNet_seed=0,Standard,a_NA,pcs_1000
47,719.0089,c2,AtlasNet_seed=0,Standard,a_NA,pcs_1000
48,715.3189,c2,AtlasNet_seed=0,Standard,a_NA,pcs_1000
49,705.67224,c2,AtlasNet_seed=0,Standard,a_NA,pcs_1000
50,683.6205,c2,AtlasNet_seed=0,Standard,a_NA,pcs_1000
51,682.3546,c2,AtlasNet_seed=0,Standard,a_NA,pcs_1000
52,674.0857,c2,AtlasNet_seed=0,Standard,a_NA,pcs_1000
53,666.3892,c2,AtlasNet_seed=0,Standard,a_NA,pcs_1000
54,664.8599,c2,AtlasNet_seed=0,Standard,a_NA,pcs_1000
55,653.8652,c2,AtlasNet_seed=0,Standard,a_NA,pcs_1000
56,643.3306,c2,AtlasNet_seed=0,Standard,a_NA,pcs_1000
57,642.0655,c2,AtlasNet_seed=0,Standard,a_NA,pcs_1000
58,635.89276,c2,AtlasNet_seed=0,Standard,a_NA,pcs_1000
59,626.40063,c2,AtlasNet_seed=0,Standard,a_NA,pcs_1000
60,621.5028,c2,AtlasNet_seed=0,Standard,a_NA,pcs_1000
61,615.17834,c2,AtlasNet_seed=0,Standard,a_NA,pcs_1000
62,607.6433,c2,AtlasNet_seed=0,Standard,a_NA,pcs_1000
63,602.4903,c2,AtlasNet_seed=0,Standard,a_NA,pcs_1000
64,599.9995,c2,AtlasNet_seed=0,Standard,a_NA,pcs_1000
65,596.1853,c2,AtlasNet_seed=0,Standard,a_NA,pcs_1000
66,586.14124,c2,AtlasNet_seed=0,Standard,a_NA,pcs_1000
67,582.1068,c2,AtlasNet_seed=0,Standard,a_NA,pcs_1000
68,577.12427,c2,AtlasNet_seed=0,Standard,a_NA,pcs_1000
69,574.9902,c2,AtlasNet_seed=0,Standard,a_NA,pcs_1000
70,572.162,c2,AtlasNet_seed=0,Standard,a_NA,pcs_1000
71,563.7529,c2,AtlasNet_seed=0,Standard,a_NA,pcs_1000
72,562.3946,c2,AtlasNet_seed=0,Standard,a_NA,pcs_1000
73,559.2246,c2,AtlasNet_seed=0,Standard,a_NA,pcs_1000
74,554.1139,c2,AtlasNet_seed=0,Standard,a_NA,pcs_1000
75,542.3028,c2,AtlasNet_seed=0,Standard,a_NA,pcs_1000
76,540.84845,c2,AtlasNet_seed=0,Standard,a_NA,pcs_1000
77,535.1873,c2,AtlasNet_seed=0,Standard,a_NA,pcs_1000
78,528.93677,c2,AtlasNet_seed=0,Standard,a_NA,pcs_1000
79,522.27057,c2,AtlasNet_seed=0,Standard,a_NA,pcs_1000
80,521.26404,c2,AtlasNet_seed=0,Standard,a_NA,pcs_1000
81,517.6692,c2,AtlasNet_seed=0,Standard,a_NA,pcs_1000
82,511.25284,c2,AtlasNet_seed=0,Standard,a_NA,pcs_1000
83,508.25354,c2,AtlasNet_seed=0,Standard,a_NA,pcs_1000
84,505.26282,c2,AtlasNet_seed=0,Standard,a_NA,pcs_1000
85,501.39713,c2,AtlasNet_seed=0,Standard,a_NA,pcs_1000
86,496.33185,c2,AtlasNet_seed=0,Standard,a_NA,pcs_1000
87,491.22162,c2,AtlasNet_seed=0,Standard,a_NA,pcs_1000
88,488.6325,c2,AtlasNet_seed=0,Standard,a_NA,pcs_1000
89,481.82294,c2,AtlasNet_seed=0,Standard,a_NA,pcs_1000
90,479.9122,c2,AtlasNet_seed=0,Standard,a_NA,pcs_1000
91,474.07132,c2,AtlasNet_seed=0,Standard,a_NA,pcs_1000
92,472.32758,c2,AtlasNet_seed=0,Standard,a_NA,pcs_1000
93,469.90848,c2,AtlasNet_seed=0,Standard,a_NA,pcs_1000
94,466.86734,c2,AtlasNet_seed=0,Standard,a_NA,pcs_1000
95,464.2455,c2,AtlasNet_seed=0,Standard,a_NA,pcs_1000
96,458.44955,c2,AtlasNet_seed=0,Standard,a_NA,pcs_1000
97,456.2246,c2,AtlasNet_seed=0,Standard,a_NA,pcs_1000
98,451.79913,c2,AtlasNet_seed=0,Standard,a_NA,pcs_1000
99,447.5076,c2,AtlasNet_seed=0,Standard,a_NA,pcs_1000
100,444.02747,c2,AtlasNet_seed=0,Standard,a_NA,pcs_1000
101,440.94165,c2,AtlasNet_seed=0,Standard,a_NA,pcs_1000
102,438.14316,c2,AtlasNet_seed=0,Standard,a_NA,pcs_1000
103,435.57846,c2,AtlasNet_seed=0,Standard,a_NA,pcs_1000
104,434.4904,c2,AtlasNet_seed=0,Standard,a_NA,pcs_1000
105,432.71393,c2,AtlasNet_seed=0,Standard,a_NA,pcs_1000
106,429.4497,c2,AtlasNet_seed=0,Standard,a_NA,pcs_1000
107,426.4234,c2,AtlasNet_seed=0,Standard,a_NA,pcs_1000
108,423.56702,c2,AtlasNet_seed=0,Standard,a_NA,pcs_1000
109,419.79572,c2,AtlasNet_seed=0,Standard,a_NA,pcs_1000
110,419.3466,c2,AtlasNet_seed=0,Standard,a_NA,pcs_1000
111,415.9858,c2,AtlasNet_seed=0,Standard,a_NA,pcs_1000
112,413.58093,c2,AtlasNet_seed=0,Standard,a_NA,pcs_1000
113,409.6559,c2,AtlasNet_seed=0,Standard,a_NA,pcs_1000
114,408.61093,c2,AtlasNet_seed=0,Standard,a_NA,pcs_1000
115,406.07074,c2,AtlasNet_seed=0,Standard,a_NA,pcs_1000
116,401.7096,c2,AtlasNet_seed=0,Standard,a_NA,pcs_1000
117,397.45026,c2,AtlasNet_seed=0,Standard,a_NA,pcs_1000
118,396.21774,c2,AtlasNet_seed=0,Standard,a_NA,pcs_1000
119,393.93817,c2,AtlasNet_seed=0,Standard,a_NA,pcs_1000
120,390.84427,c2,AtlasNet_seed=0,Standard,a_NA,pcs_1000
121,390.44324,c2,AtlasNet_seed=0,Standard,a_NA,pcs_1000
122,388.44427,c2,AtlasNet_seed=0,Standard,a_NA,pcs_1000
123,387.62656,c2,AtlasNet_seed=0,Standard,a_NA,pcs_1000
124,383.92822,c2,AtlasNet_seed=0,Standard,a_NA,pcs_1000
125,377.83862,c2,AtlasNet_seed=0,Standard,a_NA,pcs_1000
126,376.27716,c2,AtlasNet_seed=0,Standard,a_NA,pcs_1000
127,375.84818,c2,AtlasNet_seed=0,Standard,a_NA,pcs_1000
128,374.10507,c2,AtlasNet_seed=0,Standard,a_NA,pcs_1000
129,370.86856,c2,AtlasNet_seed=0,Standard,a_NA,pcs_1000
130,368.91846,c2,AtlasNet_seed=0,Standard,a_NA,pcs_1000
131,366.29004,c2,AtlasNet_seed=0,Standard,a_NA,pcs_1000
132,361.31046,c2,AtlasNet_seed=0,Standard,a_NA,pcs_1000
133,358.21713,c2,AtlasNet_seed=0,Standard,a_NA,pcs_1000
134,356.78085,c2,AtlasNet_seed=0,Standard,a_NA,pcs_1000
135,355.84418,c2,AtlasNet_seed=0,Standard,a_NA,pcs_1000
136,354.64713,c2,AtlasNet_seed=0,Standard,a_NA,pcs_1000
137,353.43048,c2,AtlasNet_seed=0,Standard,a_NA,pcs_1000
138,350.8564,c2,AtlasNet_seed=0,Standard,a_NA,pcs_1000
139,348.58804,c2,AtlasNet_seed=0,Standard,a_NA,pcs_1000
140,346.02664,c2,AtlasNet_seed=0,Standard,a_NA,pcs_1000
141,343.21213,c2,AtlasNet_seed=0,Standard,a_NA,pcs_1000
142,342.3327,c2,AtlasNet_seed=0,Standard,a_NA,pcs_1000
143,341.18808,c2,AtlasNet_seed=0,Standard,a_NA,pcs_1000
144,335.90115,c2,AtlasNet_seed=0,Standard,a_NA,pcs_1000
145,334.42914,c2,AtlasNet_seed=0,Standard,a_NA,pcs_1000
146,333.3324,c2,AtlasNet_seed=0,Standard,a_NA,pcs_1000
147,331.61932,c2,AtlasNet_seed=0,Standard,a_NA,pcs_1000
148,328.656,c2,AtlasNet_seed=0,Standard,a_NA,pcs_1000
149,328.2803,c2,AtlasNet_seed=0,Standard,a_NA,pcs_1000
150,327.2518,c2,AtlasNet_seed=0,Standard,a_NA,pcs_1000
151,324.74673,c2,AtlasNet_seed=0,Standard,a_NA,pcs_1000
152,322.6799,c2,AtlasNet_seed=0,Standard,a_NA,pcs_1000
153,321.6467,c2,AtlasNet_seed=0,Standard,a_NA,pcs_1000
154,319.54443,c2,AtlasNet_seed=0,Standard,a_NA,pcs_1000
155,314.97726,c2,AtlasNet_seed=0,Standard,a_NA,pcs_1000
156,314.0027,c2,AtlasNet_seed=0,Standard,a_NA,pcs_1000
157,311.75262,c2,AtlasNet_seed=0,Standard,a_NA,pcs_1000
158,310.97568,c2,AtlasNet_seed=0,Standard,a_NA,pcs_1000
159,309.9425,c2,AtlasNet_seed=0,Standard,a_NA,pcs_1000
160,309.03976,c2,AtlasNet_seed=0,Standard,a_NA,pcs_1000
161,308.08582,c2,AtlasNet_seed=0,Standard,a_NA,pcs_1000
162,306.47668,c2,AtlasNet_seed=0,Standard,a_NA,pcs_1000
163,305.0704,c2,AtlasNet_seed=0,Standard,a_NA,pcs_1000
164,302.15497,c2,AtlasNet_seed=0,Standard,a_NA,pcs_1000
165,300.4986,c2,AtlasNet_seed=0,Standard,a_NA,pcs_1000
166,298.85815,c2,AtlasNet_seed=0,Standard,a_NA,pcs_1000
167,296.72546,c2,AtlasNet_seed=0,Standard,a_NA,pcs_1000
168,293.9304,c2,AtlasNet_seed=0,Standard,a_NA,pcs_1000
169,292.8708,c2,AtlasNet_seed=0,Standard,a_NA,pcs_1000
170,292.03766,c2,AtlasNet_seed=0,Standard,a_NA,pcs_1000
171,291.52545,c2,AtlasNet_seed=0,Standard,a_NA,pcs_1000
172,287.63528,c2,AtlasNet_seed=0,Standard,a_NA,pcs_1000
173,287.4047,c2,AtlasNet_seed=0,Standard,a_NA,pcs_1000
174,286.2116,c2,AtlasNet_seed=0,Standard,a_NA,pcs_1000
175,284.03763,c2,AtlasNet_seed=0,Standard,a_NA,pcs_1000
176,283.12393,c2,AtlasNet_seed=0,Standard,a_NA,pcs_1000
177,281.03564,c2,AtlasNet_seed=0,Standard,a_NA,pcs_1000
178,280.08185,c2,AtlasNet_seed=0,Standard,a_NA,pcs_1000
179,278.4609,c2,AtlasNet_seed=0,Standard,a_NA,pcs_1000
180,277.03,c2,AtlasNet_seed=0,Standard,a_NA,pcs_1000
181,275.65472,c2,AtlasNet_seed=0,Standard,a_NA,pcs_1000
182,273.9438,c2,AtlasNet_seed=0,Standard,a_NA,pcs_1000
183,272.79086,c2,AtlasNet_seed=0,Standard,a_NA,pcs_1000
184,272.34012,c2,AtlasNet_seed=0,Standard,a_NA,pcs_1000
185,270.37418,c2,AtlasNet_seed=0,Standard,a_NA,pcs_1000
186,268.794,c2,AtlasNet_seed=0,Standard,a_NA,pcs_1000
187,268.01425,c2,AtlasNet_seed=0,Standard,a_NA,pcs_1000
188,266.92163,c2,AtlasNet_seed=0,Standard,a_NA,pcs_1000
189,265.52167,c2,AtlasNet_seed=0,Standard,a_NA,pcs_1000
190,265.06256,c2,AtlasNet_seed=0,Standard,a_NA,pcs_1000
191,263.69183,c2,AtlasNet_seed=0,Standard,a_NA,pcs_1000
192,261.81802,c2,AtlasNet_seed=0,Standard,a_NA,pcs_1000
193,261.19586,c2,AtlasNet_seed=0,Standard,a_NA,pcs_1000
194,258.84344,c2,AtlasNet_seed=0,Standard,a_NA,pcs_1000
195,257.57394,c2,AtlasNet_seed=0,Standard,a_NA,pcs_1000
196,256.88123,c2,AtlasNet_seed=0,Standard,a_NA,pcs_1000
197,255.47845,c2,AtlasNet_seed=0,Standard,a_NA,pcs_1000
198,253.03748,c2,AtlasNet_seed=0,Standard,a_NA,pcs_1000
199,252.64264,c2,AtlasNet_seed=0,Standard,a_NA,pcs_1000
200,251.46793,c2,AtlasNet_seed=0,Standard,a_NA,pcs_1000
201,250.71214,c2,AtlasNet_seed=0,Standard,a_NA,pcs_1000
202,249.8164,c2,AtlasNet_seed=0,Standard,a_NA,pcs_1000
203,248.13914,c2,AtlasNet_seed=0,Standard,a_NA,pcs_1000
204,247.1738,c2,AtlasNet_seed=0,Standard,a_NA,pcs_1000
205,245.1792,c2,AtlasNet_seed=0,Standard,a_NA,pcs_1000
206,243.79115,c2,AtlasNet_seed=0,Standard,a_NA,pcs_1000
207,242.66093,c2,AtlasNet_seed=0,Standard,a_NA,pcs_1000
208,241.12111,c2,AtlasNet_seed=0,Standard,a_NA,pcs_1000
209,240.70207,c2,AtlasNet_seed=0,Standard,a_NA,pcs_1000
210,238.53723,c2,AtlasNet_seed=0,Standard,a_NA,pcs_1000
211,238.10208,c2,AtlasNet_seed=0,Standard,a_NA,pcs_1000
212,237.06645,c2,AtlasNet_seed=0,Standard,a_NA,pcs_1000
213,235.39977,c2,AtlasNet_seed=0,Standard,a_NA,pcs_1000
214,234.12103,c2,AtlasNet_seed=0,Standard,a_NA,pcs_1000
215,232.43591,c2,AtlasNet_seed=0,Standard,a_NA,pcs_1000
216,231.11362,c2,AtlasNet_seed=0,Standard,a_NA,pcs_1000
217,230.72035,c2,AtlasNet_seed=0,Standard,a_NA,pcs_1000
218,228.79546,c2,AtlasNet_seed=0,Standard,a_NA,pcs_1000
219,227.93219,c2,AtlasNet_seed=0,Standard,a_NA,pcs_1000
220,227.17075,c2,AtlasNet_seed=0,Standard,a_NA,pcs_1000
221,226.03206,c2,AtlasNet_seed=0,Standard,a_NA,pcs_1000
222,224.89276,c2,AtlasNet_seed=0,Standard,a_NA,pcs_1000
223,223.86139,c2,AtlasNet_seed=0,Standard,a_NA,pcs_1000
224,222.9108,c2,AtlasNet_seed=0,Standard,a_NA,pcs_1000
225,221.77103,c2,AtlasNet_seed=0,Standard,a_NA,pcs_1000
226,221.27435,c2,AtlasNet_seed=0,Standard,a_NA,pcs_1000
227,220.031,c2,AtlasNet_seed=0,Standard,a_NA,pcs_1000
228,219.7962,c2,AtlasNet_seed=0,Standard,a_NA,pcs_1000
229,217.58998,c2,AtlasNet_seed=0,Standard,a_NA,pcs_1000
230,216.89229,c2,AtlasNet_seed=0,Standard,a_NA,pcs_1000
231,215.41743,c2,AtlasNet_seed=0,Standard,a_NA,pcs_1000
232,214.31168,c2,AtlasNet_seed=0,Standard,a_NA,pcs_1000
233,213.44913,c2,AtlasNet_seed=0,Standard,a_NA,pcs_1000
234,212.2748,c2,AtlasNet_seed=0,Standard,a_NA,pcs_1000
235,210.20154,c2,AtlasNet_seed=0,Standard,a_NA,pcs_1000
236,209.32784,c2,AtlasNet_seed=0,Standard,a_NA,pcs_1000
237,209.08917,c2,AtlasNet_seed=0,Standard,a_NA,pcs_1000
238,207.88443,c2,AtlasNet_seed=0,Standard,a_NA,pcs_1000
239,206.86464,c2,AtlasNet_seed=0,Standard,a_NA,pcs_1000
240,206.73708,c2,AtlasNet_seed=0,Standard,a_NA,pcs_1000
241,205.6601,c2,AtlasNet_seed=0,Standard,a_NA,pcs_1000
242,204.20859,c2,AtlasNet_seed=0,Standard,a_NA,pcs_1000
243,204.02432,c2,AtlasNet_seed=0,Standard,a_NA,pcs_1000
244,202.08542,c2,AtlasNet_seed=0,Standard,a_NA,pcs_1000
245,201.27975,c2,AtlasNet_seed=0,Standard,a_NA,pcs_1000
246,200.61542,c2,AtlasNet_seed=0,Standard,a_NA,pcs_1000
247,199.42203,c2,AtlasNet_seed=0,Standard,a_NA,pcs_1000
248,199.07828,c2,AtlasNet_seed=0,Standard,a_NA,pcs_1000
249,197.91902,c2,AtlasNet_seed=0,Standard,a_NA,pcs_1000
250,197.75264,c2,AtlasNet_seed=0,Standard,a_NA,pcs_1000
251,196.82407,c2,AtlasNet_seed=0,Standard,a_NA,pcs_1000
252,196.1555,c2,AtlasNet_seed=0,Standard,a_NA,pcs_1000
253,195.1137,c2,AtlasNet_seed=0,Standard,a_NA,pcs_1000
254,194.63028,c2,AtlasNet_seed=0,Standard,a_NA,pcs_1000
255,192.579,c2,AtlasNet_seed=0,Standard,a_NA,pcs_1000
256,192.03279,c2,AtlasNet_seed=0,Standard,a_NA,pcs_1000
257,190.9787,c2,AtlasNet_seed=0,Standard,a_NA,pcs_1000
258,190.1104,c2,AtlasNet_seed=0,Standard,a_NA,pcs_1000
259,189.24907,c2,AtlasNet_seed=0,Standard,a_NA,pcs_1000
260,188.2522,c2,AtlasNet_seed=0,Standard,a_NA,pcs_1000
261,187.09799,c2,AtlasNet_seed=0,Standard,a_NA,pcs_1000
262,186.95592,c2,AtlasNet_seed=0,Standard,a_NA,pcs_1000
263,185.54407,c2,AtlasNet_seed=0,Standard,a_NA,pcs_1000
264,184.53688,c2,AtlasNet_seed=0,Standard,a_NA,pcs_1000
265,183.07184,c2,AtlasNet_seed=0,Standard,a_NA,pcs_1000
266,182.36871,c2,AtlasNet_seed=0,Standard,a_NA,pcs_1000
267,181.77557,c2,AtlasNet_seed=0,Standard,a_NA,pcs_1000
268,181.63742,c2,AtlasNet_seed=0,Standard,a_NA,pcs_1000
269,180.32591,c2,AtlasNet_seed=0,Standard,a_NA,pcs_1000
270,179.68169,c2,AtlasNet_seed=0,Standard,a_NA,pcs_1000
271,179.27371,c2,AtlasNet_seed=0,Standard,a_NA,pcs_1000
272,178.5098,c2,AtlasNet_seed=0,Standard,a_NA,pcs_1000
273,177.07802,c2,AtlasNet_seed=0,Standard,a_NA,pcs_1000
274,175.98848,c2,AtlasNet_seed=0,Standard,a_NA,pcs_1000
275,175.67279,c2,AtlasNet_seed=0,Standard,a_NA,pcs_1000
276,174.9798,c2,AtlasNet_seed=0,Standard,a_NA,pcs_1000
277,174.26625,c2,AtlasNet_seed=0,Standard,a_NA,pcs_1000
278,173.31212,c2,AtlasNet_seed=0,Standard,a_NA,pcs_1000
279,172.20836,c2,AtlasNet_seed=0,Standard,a_NA,pcs_1000
280,171.1517,c2,AtlasNet_seed=0,Standard,a_NA,pcs_1000
281,170.90422,c2,AtlasNet_seed=0,Standard,a_NA,pcs_1000
282,169.66982,c2,AtlasNet_seed=0,Standard,a_NA,pcs_1000
283,169.3873,c2,AtlasNet_seed=0,Standard,a_NA,pcs_1000
284,168.54308,c2,AtlasNet_seed=0,Standard,a_NA,pcs_1000
285,167.61742,c2,AtlasNet_seed=0,Standard,a_NA,pcs_1000
286,167.40775,c2,AtlasNet_seed=0,Standard,a_NA,pcs_1000
287,166.61488,c2,AtlasNet_seed=0,Standard,a_NA,pcs_1000
288,166.0374,c2,AtlasNet_seed=0,Standard,a_NA,pcs_1000
289,165.1985,c2,AtlasNet_seed=0,Standard,a_NA,pcs_1000
290,164.69159,c2,AtlasNet_seed=0,Standard,a_NA,pcs_1000
291,164.11795,c2,AtlasNet_seed=0,Standard,a_NA,pcs_1000
292,163.37613,c2,AtlasNet_seed=0,Standard,a_NA,pcs_1000
293,162.72964,c2,AtlasNet_seed=0,Standard,a_NA,pcs_1000
294,162.02876,c2,AtlasNet_seed=0,Standard,a_NA,pcs_1000
295,161.0169,c2,AtlasNet_seed=0,Standard,a_NA,pcs_1000
296,160.66423,c2,AtlasNet_seed=0,Standard,a_NA,pcs_1000
297,159.9721,c2,AtlasNet_seed=0,Standard,a_NA,pcs_1000
298,158.60155,c2,AtlasNet_seed=0,Standard,a_NA,pcs_1000
299,157.58028,c2,AtlasNet_seed=0,Standard,a_NA,pcs_1000
300,157.2503,c2,AtlasNet_seed=0,Standard,a_NA,pcs_1000
301,156.47385,c2,AtlasNet_seed=0,Standard,a_NA,pcs_1000
302,156.04361,c2,AtlasNet_seed=0,Standard,a_NA,pcs_1000
303,155.46805,c2,AtlasNet_seed=0,Standard,a_NA,pcs_1000
304,154.89531,c2,AtlasNet_seed=0,Standard,a_NA,pcs_1000
305,154.50728,c2,AtlasNet_seed=0,Standard,a_NA,pcs_1000
306,152.98189,c2,AtlasNet_seed=0,Standard,a_NA,pcs_1000
307,152.8612,c2,AtlasNet_seed=0,Standard,a_NA,pcs_1000
308,151.76874,c2,AtlasNet_seed=0,Standard,a_NA,pcs_1000
309,151.22432,c2,AtlasNet_seed=0,Standard,a_NA,pcs_1000
310,150.47018,c2,AtlasNet_seed=0,Standard,a_NA,pcs_1000
311,149.90562,c2,AtlasNet_seed=0,Standard,a_NA,pcs_1000
312,148.65651,c2,AtlasNet_seed=0,Standard,a_NA,pcs_1000
313,148.17432,c2,AtlasNet_seed=0,Standard,a_NA,pcs_1000
314,148.04979,c2,AtlasNet_seed=0,Standard,a_NA,pcs_1000
315,147.41481,c2,AtlasNet_seed=0,Standard,a_NA,pcs_1000
316,146.79782,c2,AtlasNet_seed=0,Standard,a_NA,pcs_1000
317,146.07274,c2,AtlasNet_seed=0,Standard,a_NA,pcs_1000
318,145.80484,c2,AtlasNet_seed=0,Standard,a_NA,pcs_1000
319,145.32405,c2,AtlasNet_seed=0,Standard,a_NA,pcs_1000
320,144.46231,c2,AtlasNet_seed=0,Standard,a_NA,pcs_1000
321,143.68848,c2,AtlasNet_seed=0,Standard,a_NA,pcs_1000
322,143.48512,c2,AtlasNet_seed=0,Standard,a_NA,pcs_1000
323,142.51944,c2,AtlasNet_seed=0,Standard,a_NA,pcs_1000
324,141.66087,c2,AtlasNet_seed=0,Standard,a_NA,pcs_1000
325,141.13173,c2,AtlasNet_seed=0,Standard,a_NA,pcs_1000
326,140.51276,c2,AtlasNet_seed=0,Standard,a_NA,pcs_1000
327,139.88771,c2,AtlasNet_seed=0,Standard,a_NA,pcs_1000
328,139.28058,c2,AtlasNet_seed=0,Standard,a_NA,pcs_1000
329,138.82841,c2,AtlasNet_seed=0,Standard,a_NA,pcs_1000
330,138.45805,c2,AtlasNet_seed=0,Standard,a_NA,pcs_1000
331,138.0897,c2,AtlasNet_seed=0,Standard,a_NA,pcs_1000
332,137.67567,c2,AtlasNet_seed=0,Standard,a_NA,pcs_1000
333,137.20822,c2,AtlasNet_seed=0,Standard,a_NA,pcs_1000
334,135.93535,c2,AtlasNet_seed=0,Standard,a_NA,pcs_1000
335,135.2555,c2,AtlasNet_seed=0,Standard,a_NA,pcs_1000
336,134.94608,c2,AtlasNet_seed=0,Standard,a_NA,pcs_1000
337,134.44594,c2,AtlasNet_seed=0,Standard,a_NA,pcs_1000
338,133.8228,c2,AtlasNet_seed=0,Standard,a_NA,pcs_1000
339,132.79391,c2,AtlasNet_seed=0,Standard,a_NA,pcs_1000
340,132.46053,c2,AtlasNet_seed=0,Standard,a_NA,pcs_1000
341,132.22028,c2,AtlasNet_seed=0,Standard,a_NA,pcs_1000
342,131.43294,c2,AtlasNet_seed=0,Standard,a_NA,pcs_1000
343,131.17857,c2,AtlasNet_seed=0,Standard,a_NA,pcs_1000
344,130.88402,c2,AtlasNet_seed=0,Standard,a_NA,pcs_1000
345,130.53691,c2,AtlasNet_seed=0,Standard,a_NA,pcs_1000
346,129.5478,c2,AtlasNet_seed=0,Standard,a_NA,pcs_1000
347,129.10394,c2,AtlasNet_seed=0,Standard,a_NA,pcs_1000
348,128.43356,c2,AtlasNet_seed=0,Standard,a_NA,pcs_1000
349,128.09045,c2,AtlasNet_seed=0,Standard,a_NA,pcs_1000
350,127.17584,c2,AtlasNet_seed=0,Standard,a_NA,pcs_1000
351,126.53289,c2,AtlasNet_seed=0,Standard,a_NA,pcs_1000
352,126.11411,c2,AtlasNet_seed=0,Standard,a_NA,pcs_1000
353,125.444756,c2,AtlasNet_seed=0,Standard,a_NA,pcs_1000
354,125.2381,c2,AtlasNet_seed=0,Standard,a_NA,pcs_1000
355,124.89272,c2,AtlasNet_seed=0,Standard,a_NA,pcs_1000
356,123.96491,c2,AtlasNet_seed=0,Standard,a_NA,pcs_1000
357,123.192894,c2,AtlasNet_seed=0,Standard,a_NA,pcs_1000
358,122.957535,c2,AtlasNet_seed=0,Standard,a_NA,pcs_1000
359,122.42486,c2,AtlasNet_seed=0,Standard,a_NA,pcs_1000
360,122.22522,c2,AtlasNet_seed=0,Standard,a_NA,pcs_1000
361,121.86537,c2,AtlasNet_seed=0,Standard,a_NA,pcs_1000
362,120.83676,c2,AtlasNet_seed=0,Standard,a_NA,pcs_1000
363,120.68375,c2,AtlasNet_seed=0,Standard,a_NA,pcs_1000
364,120.30785,c2,AtlasNet_seed=0,Standard,a_NA,pcs_1000
365,119.62829,c2,AtlasNet_seed=0,Standard,a_NA,pcs_1000
366,119.48207,c2,AtlasNet_seed=0,Standard,a_NA,pcs_1000
367,118.97371,c2,AtlasNet_seed=0,Standard,a_NA,pcs_1000
368,118.836334,c2,AtlasNet_seed=0,Standard,a_NA,pcs_1000
369,118.40664,c2,AtlasNet_seed=0,Standard,a_NA,pcs_1000
370,117.60924,c2,AtlasNet_seed=0,Standard,a_NA,pcs_1000
371,117.28029,c2,AtlasNet_seed=0,Standard,a_NA,pcs_1000
372,116.40579,c2,AtlasNet_seed=0,Standard,a_NA,pcs_1000
373,116.11655,c2,AtlasNet_seed=0,Standard,a_NA,pcs_1000
374,115.52485,c2,AtlasNet_seed=0,Standard,a_NA,pcs_1000
375,114.58953,c2,AtlasNet_seed=0,Standard,a_NA,pcs_1000
376,114.38725,c2,AtlasNet_seed=0,Standard,a_NA,pcs_1000
377,113.99583,c2,AtlasNet_seed=0,Standard,a_NA,pcs_1000
378,113.72001,c2,AtlasNet_seed=0,Standard,a_NA,pcs_1000
379,113.07977,c2,AtlasNet_seed=0,Standard,a_NA,pcs_1000
380,112.78015,c2,AtlasNet_seed=0,Standard,a_NA,pcs_1000
381,112.496414,c2,AtlasNet_seed=0,Standard,a_NA,pcs_1000
382,111.95276,c2,AtlasNet_seed=0,Standard,a_NA,pcs_1000
383,111.43876,c2,AtlasNet_seed=0,Standard,a_NA,pcs_1000
384,110.94879,c2,AtlasNet_seed=0,Standard,a_NA,pcs_1000
385,110.538925,c2,AtlasNet_seed=0,Standard,a_NA,pcs_1000
386,109.87179,c2,AtlasNet_seed=0,Standard,a_NA,pcs_1000
387,109.55626,c2,AtlasNet_seed=0,Standard,a_NA,pcs_1000
388,109.367615,c2,AtlasNet_seed=0,Standard,a_NA,pcs_1000
389,109.05194,c2,AtlasNet_seed=0,Standard,a_NA,pcs_1000
390,108.51005,c2,AtlasNet_seed=0,Standard,a_NA,pcs_1000
391,108.170204,c2,AtlasNet_seed=0,Standard,a_NA,pcs_1000
392,107.75206,c2,AtlasNet_seed=0,Standard,a_NA,pcs_1000
393,107.21907,c2,AtlasNet_seed=0,Standard,a_NA,pcs_1000
394,106.69402,c2,AtlasNet_seed=0,Standard,a_NA,pcs_1000
395,106.31525,c2,AtlasNet_seed=0,Standard,a_NA,pcs_1000
396,105.54813,c2,AtlasNet_seed=0,Standard,a_NA,pcs_1000
397,105.39395,c2,AtlasNet_seed=0,Standard,a_NA,pcs_1000
398,104.67882,c2,AtlasNet_seed=0,Standard,a_NA,pcs_1000
399,104.298904,c2,AtlasNet_seed=0,Standard,a_NA,pcs_1000
400,103.97944,c2,AtlasNet_seed=0,Standard,a_NA,pcs_1000
401,103.57376,c2,AtlasNet_seed=0,Standard,a_NA,pcs_1000
402,103.080574,c2,AtlasNet_seed=0,Standard,a_NA,pcs_1000
403,102.8004,c2,AtlasNet_seed=0,Standard,a_NA,pcs_1000
404,102.44296,c2,AtlasNet_seed=0,Standard,a_NA,pcs_1000
405,102.14991,c2,AtlasNet_seed=0,Standard,a_NA,pcs_1000
406,102.09915,c2,AtlasNet_seed=0,Standard,a_NA,pcs_1000
407,101.64123,c2,AtlasNet_seed=0,Standard,a_NA,pcs_1000
408,101.50773,c2,AtlasNet_seed=0,Standard,a_NA,pcs_1000
409,101.239395,c2,AtlasNet_seed=0,Standard,a_NA,pcs_1000
410,100.95671,c2,AtlasNet_seed=0,Standard,a_NA,pcs_1000
411,100.32921,c2,AtlasNet_seed=0,Standard,a_NA,pcs_1000
412,99.89639,c2,AtlasNet_seed=0,Standard,a_NA,pcs_1000
413,99.664764,c2,AtlasNet_seed=0,Standard,a_NA,pcs_1000
414,99.2759,c2,AtlasNet_seed=0,Standard,a_NA,pcs_1000
415,98.7463,c2,AtlasNet_seed=0,Standard,a_NA,pcs_1000
416,98.48548,c2,AtlasNet_seed=0,Standard,a_NA,pcs_1000
417,97.6549,c2,AtlasNet_seed=0,Standard,a_NA,pcs_1000
418,97.46102,c2,AtlasNet_seed=0,Standard,a_NA,pcs_1000
419,97.12218,c2,AtlasNet_seed=0,Standard,a_NA,pcs_1000
420,96.53419,c2,AtlasNet_seed=0,Standard,a_NA,pcs_1000
421,95.65387,c2,AtlasNet_seed=0,Standard,a_NA,pcs_1000
422,95.614944,c2,AtlasNet_seed=0,Standard,a_NA,pcs_1000
423,95.44104,c2,AtlasNet_seed=0,Standard,a_NA,pcs_1000
424,94.946915,c2,AtlasNet_seed=0,Standard,a_NA,pcs_1000
425,94.74144,c2,AtlasNet_seed=0,Standard,a_NA,pcs_1000
426,94.044754,c2,AtlasNet_seed=0,Standard,a_NA,pcs_1000
427,93.37517,c2,AtlasNet_seed=0,Standard,a_NA,pcs_1000
428,93.016075,c2,AtlasNet_seed=0,Standard,a_NA,pcs_1000
429,92.5176,c2,AtlasNet_seed=0,Standard,a_NA,pcs_1000
430,92.21839,c2,AtlasNet_seed=0,Standard,a_NA,pcs_1000
431,92.10588,c2,AtlasNet_seed=0,Standard,a_NA,pcs_1000
432,91.84894,c2,AtlasNet_seed=0,Standard,a_NA,pcs_1000
433,91.39839,c2,AtlasNet_seed=0,Standard,a_NA,pcs_1000
434,91.13021,c2,AtlasNet_seed=0,Standard,a_NA,pcs_1000
435,90.74363,c2,AtlasNet_seed=0,Standard,a_NA,pcs_1000
436,90.34326,c2,AtlasNet_seed=0,Standard,a_NA,pcs_1000
437,90.04144,c2,AtlasNet_seed=0,Standard,a_NA,pcs_1000
438,89.9148,c2,AtlasNet_seed=0,Standard,a_NA,pcs_1000
439,89.78077,c2,AtlasNet_seed=0,Standard,a_NA,pcs_1000
440,89.43405,c2,AtlasNet_seed=0,Standard,a_NA,pcs_1000
441,89.172745,c2,AtlasNet_seed=0,Standard,a_NA,pcs_1000
442,88.95205,c2,AtlasNet_seed=0,Standard,a_NA,pcs_1000
443,87.96975,c2,AtlasNet_seed=0,Standard,a_NA,pcs_1000
444,87.74907,c2,AtlasNet_seed=0,Standard,a_NA,pcs_1000
445,87.25478,c2,AtlasNet_seed=0,Standard,a_NA,pcs_1000
446,86.946465,c2,AtlasNet_seed=0,Standard,a_NA,pcs_1000
447,86.90446,c2,AtlasNet_seed=0,Standard,a_NA,pcs_1000
448,86.28085,c2,AtlasNet_seed=0,Standard,a_NA,pcs_1000
449,86.146126,c2,AtlasNet_seed=0,Standard,a_NA,pcs_1000
450,85.53112,c2,AtlasNet_seed=0,Standard,a_NA,pcs_1000
451,85.018486,c2,AtlasNet_seed=0,Standard,a_NA,pcs_1000
452,84.703835,c2,AtlasNet_seed=0,Standard,a_NA,pcs_1000
453,84.46401,c2,AtlasNet_seed=0,Standard,a_NA,pcs_1000
454,84.2128,c2,AtlasNet_seed=0,Standard,a_NA,pcs_1000
455,83.89858,c2,AtlasNet_seed=0,Standard,a_NA,pcs_1000
456,83.68966,c2,AtlasNet_seed=0,Standard,a_NA,pcs_1000
457,83.315834,c2,AtlasNet_seed=0,Standard,a_NA,pcs_1000
458,82.6393,c2,AtlasNet_seed=0,Standard,a_NA,pcs_1000
459,82.45926,c2,AtlasNet_seed=0,Standard,a_NA,pcs_1000
460,82.235115,c2,AtlasNet_seed=0,Standard,a_NA,pcs_1000
461,81.89358,c2,AtlasNet_seed=0,Standard,a_NA,pcs_1000
462,81.650856,c2,AtlasNet_seed=0,Standard,a_NA,pcs_1000
463,81.63484,c2,AtlasNet_seed=0,Standard,a_NA,pcs_1000
464,81.197525,c2,AtlasNet_seed=0,Standard,a_NA,pcs_1000
465,81.01596,c2,AtlasNet_seed=0,Standard,a_NA,pcs_1000
466,80.90238,c2,AtlasNet_seed=0,Standard,a_NA,pcs_1000
467,80.78396,c2,AtlasNet_seed=0,Standard,a_NA,pcs_1000
468,80.34078,c2,AtlasNet_seed=0,Standard,a_NA,pcs_1000
469,80.07723,c2,AtlasNet_seed=0,Standard,a_NA,pcs_1000
470,79.475586,c2,AtlasNet_seed=0,Standard,a_NA,pcs_1000
471,79.29576,c2,AtlasNet_seed=0,Standard,a_NA,pcs_1000
472,78.80316,c2,AtlasNet_seed=0,Standard,a_NA,pcs_1000
473,78.75459,c2,AtlasNet_seed=0,Standard,a_NA,pcs_1000
474,78.471695,c2,AtlasNet_seed=0,Standard,a_NA,pcs_1000
475,77.84327,c2,AtlasNet_seed=0,Standard,a_NA,pcs_1000
476,77.417,c2,AtlasNet_seed=0,Standard,a_NA,pcs_1000
477,77.327805,c2,AtlasNet_seed=0,Standard,a_NA,pcs_1000
478,76.89832,c2,AtlasNet_seed=0,Standard,a_NA,pcs_1000
479,76.4393,c2,AtlasNet_seed=0,Standard,a_NA,pcs_1000
480,76.10605,c2,AtlasNet_seed=0,Standard,a_NA,pcs_1000
481,75.843575,c2,AtlasNet_seed=0,Standard,a_NA,pcs_1000
482,75.68493,c2,AtlasNet_seed=0,Standard,a_NA,pcs_1000
483,75.60304,c2,AtlasNet_seed=0,Standard,a_NA,pcs_1000
484,75.24436,c2,AtlasNet_seed=0,Standard,a_NA,pcs_1000
485,74.93346,c2,AtlasNet_seed=0,Standard,a_NA,pcs_1000
486,74.84933,c2,AtlasNet_seed=0,Standard,a_NA,pcs_1000
487,74.39007,c2,AtlasNet_seed=0,Standard,a_NA,pcs_1000
488,74.08337,c2,AtlasNet_seed=0,Standard,a_NA,pcs_1000
489,74.03901,c2,AtlasNet_seed=0,Standard,a_NA,pcs_1000
490,73.617546,c2,AtlasNet_seed=0,Standard,a_NA,pcs_1000
491,73.488815,c2,AtlasNet_seed=0,Standard,a_NA,pcs_1000
492,72.97847,c2,AtlasNet_seed=0,Standard,a_NA,pcs_1000
493,72.83959,c2,AtlasNet_seed=0,Standard,a_NA,pcs_1000
494,72.7142,c2,AtlasNet_seed=0,Standard,a_NA,pcs_1000
495,72.45869,c2,AtlasNet_seed=0,Standard,a_NA,pcs_1000
496,71.81157,c2,AtlasNet_seed=0,Standard,a_NA,pcs_1000
497,71.68166,c2,AtlasNet_seed=0,Standard,a_NA,pcs_1000
498,71.610466,c2,AtlasNet_seed=0,Standard,a_NA,pcs_1000
499,71.342285,c2,AtlasNet_seed=0,Standard,a_NA,pcs_1000
500,71.03789,c2,AtlasNet_seed=0,Standard,a_NA,pcs_1000
501,70.87645,c2,AtlasNet_seed=0,Standard,a_NA,pcs_1000
502,70.70768,c2,AtlasNet_seed=0,Standard,a_NA,pcs_1000
503,70.459915,c2,AtlasNet_seed=0,Standard,a_NA,pcs_1000
504,70.11935,c2,AtlasNet_seed=0,Standard,a_NA,pcs_1000
505,69.911026,c2,AtlasNet_seed=0,Standard,a_NA,pcs_1000
506,69.59846,c2,AtlasNet_seed=0,Standard,a_NA,pcs_1000
507,69.14679,c2,AtlasNet_seed=0,Standard,a_NA,pcs_1000
508,68.99515,c2,AtlasNet_seed=0,Standard,a_NA,pcs_1000
509,68.85963,c2,AtlasNet_seed=0,Standard,a_NA,pcs_1000
510,68.61324,c2,AtlasNet_seed=0,Standard,a_NA,pcs_1000
511,68.56661,c2,AtlasNet_seed=0,Standard,a_NA,pcs_1000
512,68.24756,c2,AtlasNet_seed=0,Standard,a_NA,pcs_1000
513,67.87886,c2,AtlasNet_seed=0,Standard,a_NA,pcs_1000
514,67.4273,c2,AtlasNet_seed=0,Standard,a_NA,pcs_1000
515,67.20802,c2,AtlasNet_seed=0,Standard,a_NA,pcs_1000
516,66.83975,c2,AtlasNet_seed=0,Standard,a_NA,pcs_1000
517,66.41803,c2,AtlasNet_seed=0,Standard,a_NA,pcs_1000
518,66.371956,c2,AtlasNet_seed=0,Standard,a_NA,pcs_1000
519,66.083786,c2,AtlasNet_seed=0,Standard,a_NA,pcs_1000
520,65.76569,c2,AtlasNet_seed=0,Standard,a_NA,pcs_1000
521,65.473976,c2,AtlasNet_seed=0,Standard,a_NA,pcs_1000
522,65.346405,c2,AtlasNet_seed=0,Standard,a_NA,pcs_1000
523,65.17947,c2,AtlasNet_seed=0,Standard,a_NA,pcs_1000
524,64.661125,c2,AtlasNet_seed=0,Standard,a_NA,pcs_1000
525,64.53025,c2,AtlasNet_seed=0,Standard,a_NA,pcs_1000
526,64.45329,c2,AtlasNet_seed=0,Standard,a_NA,pcs_1000
527,64.13611,c2,AtlasNet_seed=0,Standard,a_NA,pcs_1000
528,63.777626,c2,AtlasNet_seed=0,Standard,a_NA,pcs_1000
529,63.357647,c2,AtlasNet_seed=0,Standard,a_NA,pcs_1000
530,63.123974,c2,AtlasNet_seed=0,Standard,a_NA,pcs_1000
531,63.034454,c2,AtlasNet_seed=0,Standard,a_NA,pcs_1000
532,62.724804,c2,AtlasNet_seed=0,Standard,a_NA,pcs_1000
533,62.675663,c2,AtlasNet_seed=0,Standard,a_NA,pcs_1000
534,62.35097,c2,AtlasNet_seed=0,Standard,a_NA,pcs_1000
535,62.32595,c2,AtlasNet_seed=0,Standard,a_NA,pcs_1000
536,61.987,c2,AtlasNet_seed=0,Standard,a_NA,pcs_1000
537,61.893703,c2,AtlasNet_seed=0,Standard,a_NA,pcs_1000
538,61.39737,c2,AtlasNet_seed=0,Standard,a_NA,pcs_1000
539,61.116432,c2,AtlasNet_seed=0,Standard,a_NA,pcs_1000
540,60.966003,c2,AtlasNet_seed=0,Standard,a_NA,pcs_1000
541,60.50037,c2,AtlasNet_seed=0,Standard,a_NA,pcs_1000
542,60.30923,c2,AtlasNet_seed=0,Standard,a_NA,pcs_1000
543,60.23384,c2,AtlasNet_seed=0,Standard,a_NA,pcs_1000
544,60.116394,c2,AtlasNet_seed=0,Standard,a_NA,pcs_1000
545,59.973495,c2,AtlasNet_seed=0,Standard,a_NA,pcs_1000
546,59.720524,c2,AtlasNet_seed=0,Standard,a_NA,pcs_1000
547,59.565357,c2,AtlasNet_seed=0,Standard,a_NA,pcs_1000
548,59.528183,c2,AtlasNet_seed=0,Standard,a_NA,pcs_1000
549,59.076645,c2,AtlasNet_seed=0,Standard,a_NA,pcs_1000
550,59.02686,c2,AtlasNet_seed=0,Standard,a_NA,pcs_1000
551,58.663765,c2,AtlasNet_seed=0,Standard,a_NA,pcs_1000
552,58.399826,c2,AtlasNet_seed=0,Standard,a_NA,pcs_1000
553,58.296993,c2,AtlasNet_seed=0,Standard,a_NA,pcs_1000
554,57.98386,c2,AtlasNet_seed=0,Standard,a_NA,pcs_1000
555,57.821262,c2,AtlasNet_seed=0,Standard,a_NA,pcs_1000
556,57.474586,c2,AtlasNet_seed=0,Standard,a_NA,pcs_1000
557,57.005,c2,AtlasNet_seed=0,Standard,a_NA,pcs_1000
558,56.807762,c2,AtlasNet_seed=0,Standard,a_NA,pcs_1000
559,56.743004,c2,AtlasNet_seed=0,Standard,a_NA,pcs_1000
560,56.501526,c2,AtlasNet_seed=0,Standard,a_NA,pcs_1000
561,56.37028,c2,AtlasNet_seed=0,Standard,a_NA,pcs_1000
562,56.123035,c2,AtlasNet_seed=0,Standard,a_NA,pcs_1000
563,56.07996,c2,AtlasNet_seed=0,Standard,a_NA,pcs_1000
564,55.824795,c2,AtlasNet_seed=0,Standard,a_NA,pcs_1000
565,55.650284,c2,AtlasNet_seed=0,Standard,a_NA,pcs_1000
566,55.402958,c2,AtlasNet_seed=0,Standard,a_NA,pcs_1000
567,55.19442,c2,AtlasNet_seed=0,Standard,a_NA,pcs_1000
568,55.039803,c2,AtlasNet_seed=0,Standard,a_NA,pcs_1000
569,54.76182,c2,AtlasNet_seed=0,Standard,a_NA,pcs_1000
570,54.728012,c2,AtlasNet_seed=0,Standard,a_NA,pcs_1000
571,54.566032,c2,AtlasNet_seed=0,Standard,a_NA,pcs_1000
572,54.347054,c2,AtlasNet_seed=0,Standard,a_NA,pcs_1000
573,54.02092,c2,AtlasNet_seed=0,Standard,a_NA,pcs_1000
574,53.7532,c2,AtlasNet_seed=0,Standard,a_NA,pcs_1000
575,53.63395,c2,AtlasNet_seed=0,Standard,a_NA,pcs_1000
576,53.44399,c2,AtlasNet_seed=0,Standard,a_NA,pcs_1000
577,53.2981,c2,AtlasNet_seed=0,Standard,a_NA,pcs_1000
578,53.10467,c2,AtlasNet_seed=0,Standard,a_NA,pcs_1000
579,52.92916,c2,AtlasNet_seed=0,Standard,a_NA,pcs_1000
580,52.66411,c2,AtlasNet_seed=0,Standard,a_NA,pcs_1000
581,52.507782,c2,AtlasNet_seed=0,Standard,a_NA,pcs_1000
582,52.24288,c2,AtlasNet_seed=0,Standard,a_NA,pcs_1000
583,52.153484,c2,AtlasNet_seed=0,Standard,a_NA,pcs_1000
584,51.886547,c2,AtlasNet_seed=0,Standard,a_NA,pcs_1000
585,51.820293,c2,AtlasNet_seed=0,Standard,a_NA,pcs_1000
586,51.534424,c2,AtlasNet_seed=0,Standard,a_NA,pcs_1000
587,51.465637,c2,AtlasNet_seed=0,Standard,a_NA,pcs_1000
588,51.30284,c2,AtlasNet_seed=0,Standard,a_NA,pcs_1000
589,51.09333,c2,AtlasNet_seed=0,Standard,a_NA,pcs_1000
590,50.95382,c2,AtlasNet_seed=0,Standard,a_NA,pcs_1000
591,50.80321,c2,AtlasNet_seed=0,Standard,a_NA,pcs_1000
592,50.653393,c2,AtlasNet_seed=0,Standard,a_NA,pcs_1000
593,50.593662,c2,AtlasNet_seed=0,Standard,a_NA,pcs_1000
594,50.456604,c2,AtlasNet_seed=0,Standard,a_NA,pcs_1000
595,49.986282,c2,AtlasNet_seed=0,Standard,a_NA,pcs_1000
596,49.916252,c2,AtlasNet_seed=0,Standard,a_NA,pcs_1000
597,49.784023,c2,AtlasNet_seed=0,Standard,a_NA,pcs_1000
598,49.464005,c2,AtlasNet_seed=0,Standard,a_NA,pcs_1000
599,49.333744,c2,AtlasNet_seed=0,Standard,a_NA,pcs_1000
600,49.05839,c2,AtlasNet_seed=0,Standard,a_NA,pcs_1000
601,48.92869,c2,AtlasNet_seed=0,Standard,a_NA,pcs_1000
602,48.67748,c2,AtlasNet_seed=0,Standard,a_NA,pcs_1000
603,48.565758,c2,AtlasNet_seed=0,Standard,a_NA,pcs_1000
604,48.449165,c2,AtlasNet_seed=0,Standard,a_NA,pcs_1000
605,48.22317,c2,AtlasNet_seed=0,Standard,a_NA,pcs_1000
606,47.969475,c2,AtlasNet_seed=0,Standard,a_NA,pcs_1000
607,47.96234,c2,AtlasNet_seed=0,Standard,a_NA,pcs_1000
608,47.77903,c2,AtlasNet_seed=0,Standard,a_NA,pcs_1000
609,47.622234,c2,AtlasNet_seed=0,Standard,a_NA,pcs_1000
610,47.410683,c2,AtlasNet_seed=0,Standard,a_NA,pcs_1000
611,47.148216,c2,AtlasNet_seed=0,Standard,a_NA,pcs_1000
612,47.031933,c2,AtlasNet_seed=0,Standard,a_NA,pcs_1000
613,46.843517,c2,AtlasNet_seed=0,Standard,a_NA,pcs_1000
614,46.78071,c2,AtlasNet_seed=0,Standard,a_NA,pcs_1000
615,46.72177,c2,AtlasNet_seed=0,Standard,a_NA,pcs_1000
616,46.657158,c2,AtlasNet_seed=0,Standard,a_NA,pcs_1000
617,46.370663,c2,AtlasNet_seed=0,Standard,a_NA,pcs_1000
618,46.30089,c2,AtlasNet_seed=0,Standard,a_NA,pcs_1000
619,46.04466,c2,AtlasNet_seed=0,Standard,a_NA,pcs_1000
620,45.909706,c2,AtlasNet_seed=0,Standard,a_NA,pcs_1000
621,45.853577,c2,AtlasNet_seed=0,Standard,a_NA,pcs_1000
622,45.646935,c2,AtlasNet_seed=0,Standard,a_NA,pcs_1000
623,45.46853,c2,AtlasNet_seed=0,Standard,a_NA,pcs_1000
624,45.232403,c2,AtlasNet_seed=0,Standard,a_NA,pcs_1000
625,45.065968,c2,AtlasNet_seed=0,Standard,a_NA,pcs_1000
626,44.974503,c2,AtlasNet_seed=0,Standard,a_NA,pcs_1000
627,44.85133,c2,AtlasNet_seed=0,Standard,a_NA,pcs_1000
628,44.629856,c2,AtlasNet_seed=0,Standard,a_NA,pcs_1000
629,44.469883,c2,AtlasNet_seed=0,Standard,a_NA,pcs_1000
630,44.418163,c2,AtlasNet_seed=0,Standard,a_NA,pcs_1000
631,44.20964,c2,AtlasNet_seed=0,Standard,a_NA,pcs_1000
632,43.977962,c2,AtlasNet_seed=0,Standard,a_NA,pcs_1000
633,43.88091,c2,AtlasNet_seed=0,Standard,a_NA,pcs_1000
634,43.67371,c2,AtlasNet_seed=0,Standard,a_NA,pcs_1000
635,43.496056,c2,AtlasNet_seed=0,Standard,a_NA,pcs_1000
636,43.314194,c2,AtlasNet_seed=0,Standard,a_NA,pcs_1000
637,43.19919,c2,AtlasNet_seed=0,Standard,a_NA,pcs_1000
638,43.019157,c2,AtlasNet_seed=0,Standard,a_NA,pcs_1000
639,42.961143,c2,AtlasNet_seed=0,Standard,a_NA,pcs_1000
640,42.639606,c2,AtlasNet_seed=0,Standard,a_NA,pcs_1000
641,42.53816,c2,AtlasNet_seed=0,Standard,a_NA,pcs_1000
642,42.29962,c2,AtlasNet_seed=0,Standard,a_NA,pcs_1000
643,42.22084,c2,AtlasNet_seed=0,Standard,a_NA,pcs_1000
644,42.117634,c2,AtlasNet_seed=0,Standard,a_NA,pcs_1000
645,42.00167,c2,AtlasNet_seed=0,Standard,a_NA,pcs_1000
646,41.877243,c2,AtlasNet_seed=0,Standard,a_NA,pcs_1000
647,41.848248,c2,AtlasNet_seed=0,Standard,a_NA,pcs_1000
648,41.667835,c2,AtlasNet_seed=0,Standard,a_NA,pcs_1000
649,41.554,c2,AtlasNet_seed=0,Standard,a_NA,pcs_1000
650,41.408073,c2,AtlasNet_seed=0,Standard,a_NA,pcs_1000
651,41.228374,c2,AtlasNet_seed=0,Standard,a_NA,pcs_1000
652,41.111988,c2,AtlasNet_seed=0,Standard,a_NA,pcs_1000
653,40.92355,c2,AtlasNet_seed=0,Standard,a_NA,pcs_1000
654,40.756943,c2,AtlasNet_seed=0,Standard,a_NA,pcs_1000
655,40.710823,c2,AtlasNet_seed=0,Standard,a_NA,pcs_1000
656,40.329338,c2,AtlasNet_seed=0,Standard,a_NA,pcs_1000
657,40.28087,c2,AtlasNet_seed=0,Standard,a_NA,pcs_1000
658,40.09427,c2,AtlasNet_seed=0,Standard,a_NA,pcs_1000
659,40.058155,c2,AtlasNet_seed=0,Standard,a_NA,pcs_1000
660,39.83569,c2,AtlasNet_seed=0,Standard,a_NA,pcs_1000
661,39.7488,c2,AtlasNet_seed=0,Standard,a_NA,pcs_1000
662,39.407307,c2,AtlasNet_seed=0,Standard,a_NA,pcs_1000
663,39.35921,c2,AtlasNet_seed=0,Standard,a_NA,pcs_1000
664,39.250546,c2,AtlasNet_seed=0,Standard,a_NA,pcs_1000
665,39.11485,c2,AtlasNet_seed=0,Standard,a_NA,pcs_1000
666,39.05822,c2,AtlasNet_seed=0,Standard,a_NA,pcs_1000
667,38.718403,c2,AtlasNet_seed=0,Standard,a_NA,pcs_1000
668,38.52183,c2,AtlasNet_seed=0,Standard,a_NA,pcs_1000
669,38.45666,c2,AtlasNet_seed=0,Standard,a_NA,pcs_1000
670,38.330452,c2,AtlasNet_seed=0,Standard,a_NA,pcs_1000
671,38.16407,c2,AtlasNet_seed=0,Standard,a_NA,pcs_1000
672,38.06157,c2,AtlasNet_seed=0,Standard,a_NA,pcs_1000
673,37.903923,c2,AtlasNet_seed=0,Standard,a_NA,pcs_1000
674,37.865566,c2,AtlasNet_seed=0,Standard,a_NA,pcs_1000
675,37.75608,c2,AtlasNet_seed=0,Standard,a_NA,pcs_1000
676,37.671993,c2,AtlasNet_seed=0,Standard,a_NA,pcs_1000
677,37.383347,c2,AtlasNet_seed=0,Standard,a_NA,pcs_1000
678,37.256615,c2,AtlasNet_seed=0,Standard,a_NA,pcs_1000
679,37.209312,c2,AtlasNet_seed=0,Standard,a_NA,pcs_1000
680,37.014572,c2,AtlasNet_seed=0,Standard,a_NA,pcs_1000
681,36.810135,c2,AtlasNet_seed=0,Standard,a_NA,pcs_1000
682,36.747517,c2,AtlasNet_seed=0,Standard,a_NA,pcs_1000
683,36.64147,c2,AtlasNet_seed=0,Standard,a_NA,pcs_1000
684,36.43024,c2,AtlasNet_seed=0,Standard,a_NA,pcs_1000
685,36.388805,c2,AtlasNet_seed=0,Standard,a_NA,pcs_1000
686,36.195236,c2,AtlasNet_seed=0,Standard,a_NA,pcs_1000
687,36.15541,c2,AtlasNet_seed=0,Standard,a_NA,pcs_1000
688,35.859173,c2,AtlasNet_seed=0,Standard,a_NA,pcs_1000
689,35.809093,c2,AtlasNet_seed=0,Standard,a_NA,pcs_1000
690,35.702335,c2,AtlasNet_seed=0,Standard,a_NA,pcs_1000
691,35.47279,c2,AtlasNet_seed=0,Standard,a_NA,pcs_1000
692,35.26734,c2,AtlasNet_seed=0,Standard,a_NA,pcs_1000
693,35.145603,c2,AtlasNet_seed=0,Standard,a_NA,pcs_1000
694,35.131615,c2,AtlasNet_seed=0,Standard,a_NA,pcs_1000
695,34.947113,c2,AtlasNet_seed=0,Standard,a_NA,pcs_1000
696,34.847675,c2,AtlasNet_seed=0,Standard,a_NA,pcs_1000
697,34.738144,c2,AtlasNet_seed=0,Standard,a_NA,pcs_1000
698,34.587914,c2,AtlasNet_seed=0,Standard,a_NA,pcs_1000
699,34.511726,c2,AtlasNet_seed=0,Standard,a_NA,pcs_1000
700,34.40422,c2,AtlasNet_seed=0,Standard,a_NA,pcs_1000
701,34.34099,c2,AtlasNet_seed=0,Standard,a_NA,pcs_1000
702,34.162354,c2,AtlasNet_seed=0,Standard,a_NA,pcs_1000
703,34.112133,c2,AtlasNet_seed=0,Standard,a_NA,pcs_1000
704,33.87966,c2,AtlasNet_seed=0,Standard,a_NA,pcs_1000
705,33.81832,c2,AtlasNet_seed=0,Standard,a_NA,pcs_1000
706,33.76225,c2,AtlasNet_seed=0,Standard,a_NA,pcs_1000
707,33.67345,c2,AtlasNet_seed=0,Standard,a_NA,pcs_1000
708,33.56577,c2,AtlasNet_seed=0,Standard,a_NA,pcs_1000
709,33.527134,c2,AtlasNet_seed=0,Standard,a_NA,pcs_1000
710,33.274902,c2,AtlasNet_seed=0,Standard,a_NA,pcs_1000
711,33.157646,c2,AtlasNet_seed=0,Standard,a_NA,pcs_1000
712,33.076275,c2,AtlasNet_seed=0,Standard,a_NA,pcs_1000
713,32.965923,c2,AtlasNet_seed=0,Standard,a_NA,pcs_1000
714,32.803886,c2,AtlasNet_seed=0,Standard,a_NA,pcs_1000
715,32.611397,c2,AtlasNet_seed=0,Standard,a_NA,pcs_1000
716,32.579895,c2,AtlasNet_seed=0,Standard,a_NA,pcs_1000
717,32.510807,c2,AtlasNet_seed=0,Standard,a_NA,pcs_1000
718,32.36307,c2,AtlasNet_seed=0,Standard,a_NA,pcs_1000
719,32.19022,c2,AtlasNet_seed=0,Standard,a_NA,pcs_1000
720,32.065834,c2,AtlasNet_seed=0,Standard,a_NA,pcs_1000
721,32.031853,c2,AtlasNet_seed=0,Standard,a_NA,pcs_1000
722,31.894377,c2,AtlasNet_seed=0,Standard,a_NA,pcs_1000
723,31.820953,c2,AtlasNet_seed=0,Standard,a_NA,pcs_1000
724,31.688923,c2,AtlasNet_seed=0,Standard,a_NA,pcs_1000
725,31.510317,c2,AtlasNet_seed=0,Standard,a_NA,pcs_1000
726,31.461334,c2,AtlasNet_seed=0,Standard,a_NA,pcs_1000
727,31.230448,c2,AtlasNet_seed=0,Standard,a_NA,pcs_1000
728,31.167315,c2,AtlasNet_seed=0,Standard,a_NA,pcs_1000
729,31.116581,c2,AtlasNet_seed=0,Standard,a_NA,pcs_1000
730,30.941723,c2,AtlasNet_seed=0,Standard,a_NA,pcs_1000
731,30.903503,c2,AtlasNet_seed=0,Standard,a_NA,pcs_1000
732,30.829454,c2,AtlasNet_seed=0,Standard,a_NA,pcs_1000
733,30.621574,c2,AtlasNet_seed=0,Standard,a_NA,pcs_1000
734,30.505972,c2,AtlasNet_seed=0,Standard,a_NA,pcs_1000
735,30.485884,c2,AtlasNet_seed=0,Standard,a_NA,pcs_1000
736,30.346348,c2,AtlasNet_seed=0,Standard,a_NA,pcs_1000
737,30.308056,c2,AtlasNet_seed=0,Standard,a_NA,pcs_1000
738,30.117228,c2,AtlasNet_seed=0,Standard,a_NA,pcs_1000
739,30.000563,c2,AtlasNet_seed=0,Standard,a_NA,pcs_1000
740,29.94105,c2,AtlasNet_seed=0,Standard,a_NA,pcs_1000
741,29.876278,c2,AtlasNet_seed=0,Standard,a_NA,pcs_1000
742,29.672691,c2,AtlasNet_seed=0,Standard,a_NA,pcs_1000
743,29.58984,c2,AtlasNet_seed=0,Standard,a_NA,pcs_1000
744,29.471622,c2,AtlasNet_seed=0,Standard,a_NA,pcs_1000
745,29.451792,c2,AtlasNet_seed=0,Standard,a_NA,pcs_1000
746,29.364576,c2,AtlasNet_seed=0,Standard,a_NA,pcs_1000
747,29.320326,c2,AtlasNet_seed=0,Standard,a_NA,pcs_1000
748,29.114752,c2,AtlasNet_seed=0,Standard,a_NA,pcs_1000
749,28.973112,c2,AtlasNet_seed=0,Standard,a_NA,pcs_1000
750,28.905228,c2,AtlasNet_seed=0,Standard,a_NA,pcs_1000
751,28.761854,c2,AtlasNet_seed=0,Standard,a_NA,pcs_1000
752,28.650816,c2,AtlasNet_seed=0,Standard,a_NA,pcs_1000
753,28.555344,c2,AtlasNet_seed=0,Standard,a_NA,pcs_1000
754,28.384264,c2,AtlasNet_seed=0,Standard,a_NA,pcs_1000
755,28.215128,c2,AtlasNet_seed=0,Standard,a_NA,pcs_1000
756,28.125748,c2,AtlasNet_seed=0,Standard,a_NA,pcs_1000
757,28.003544,c2,AtlasNet_seed=0,Standard,a_NA,pcs_1000
758,27.962368,c2,AtlasNet_seed=0,Standard,a_NA,pcs_1000
759,27.834589,c2,AtlasNet_seed=0,Standard,a_NA,pcs_1000
760,27.794872,c2,AtlasNet_seed=0,Standard,a_NA,pcs_1000
761,27.627598,c2,AtlasNet_seed=0,Standard,a_NA,pcs_1000
762,27.580301,c2,AtlasNet_seed=0,Standard,a_NA,pcs_1000
763,27.509401,c2,AtlasNet_seed=0,Standard,a_NA,pcs_1000
764,27.398092,c2,AtlasNet_seed=0,Standard,a_NA,pcs_1000
765,27.290792,c2,AtlasNet_seed=0,Standard,a_NA,pcs_1000
766,27.120337,c2,AtlasNet_seed=0,Standard,a_NA,pcs_1000
767,27.05462,c2,AtlasNet_seed=0,Standard,a_NA,pcs_1000
768,27.019539,c2,AtlasNet_seed=0,Standard,a_NA,pcs_1000
769,26.894512,c2,AtlasNet_seed=0,Standard,a_NA,pcs_1000
770,26.835571,c2,AtlasNet_seed=0,Standard,a_NA,pcs_1000
771,26.729624,c2,AtlasNet_seed=0,Standard,a_NA,pcs_1000
772,26.592325,c2,AtlasNet_seed=0,Standard,a_NA,pcs_1000
773,26.571325,c2,AtlasNet_seed=0,Standard,a_NA,pcs_1000
774,26.483541,c2,AtlasNet_seed=0,Standard,a_NA,pcs_1000
775,26.289616,c2,AtlasNet_seed=0,Standard,a_NA,pcs_1000
776,26.227835,c2,AtlasNet_seed=0,Standard,a_NA,pcs_1000
777,26.083666,c2,AtlasNet_seed=0,Standard,a_NA,pcs_1000
778,26.019274,c2,AtlasNet_seed=0,Standard,a_NA,pcs_1000
779,25.916447,c2,AtlasNet_seed=0,Standard,a_NA,pcs_1000
780,25.829851,c2,AtlasNet_seed=0,Standard,a_NA,pcs_1000
781,25.746431,c2,AtlasNet_seed=0,Standard,a_NA,pcs_1000
782,25.662493,c2,AtlasNet_seed=0,Standard,a_NA,pcs_1000
783,25.547247,c2,AtlasNet_seed=0,Standard,a_NA,pcs_1000
784,25.455173,c2,AtlasNet_seed=0,Standard,a_NA,pcs_1000
785,25.380898,c2,AtlasNet_seed=0,Standard,a_NA,pcs_1000
786,25.314644,c2,AtlasNet_seed=0,Standard,a_NA,pcs_1000
787,25.23582,c2,AtlasNet_seed=0,Standard,a_NA,pcs_1000
788,25.08393,c2,AtlasNet_seed=0,Standard,a_NA,pcs_1000
789,25.046171,c2,AtlasNet_seed=0,Standard,a_NA,pcs_1000
790,24.982275,c2,AtlasNet_seed=0,Standard,a_NA,pcs_1000
791,24.939156,c2,AtlasNet_seed=0,Standard,a_NA,pcs_1000
792,24.853163,c2,AtlasNet_seed=0,Standard,a_NA,pcs_1000
793,24.75285,c2,AtlasNet_seed=0,Standard,a_NA,pcs_1000
794,24.706404,c2,AtlasNet_seed=0,Standard,a_NA,pcs_1000
795,24.633322,c2,AtlasNet_seed=0,Standard,a_NA,pcs_1000
796,24.511734,c2,AtlasNet_seed=0,Standard,a_NA,pcs_1000
797,24.403526,c2,AtlasNet_seed=0,Standard,a_NA,pcs_1000
798,24.335361,c2,AtlasNet_seed=0,Standard,a_NA,pcs_1000
799,24.139662,c2,AtlasNet_seed=0,Standard,a_NA,pcs_1000
800,24.11037,c2,AtlasNet_seed=0,Standard,a_NA,pcs_1000
801,23.994743,c2,AtlasNet_seed=0,Standard,a_NA,pcs_1000
802,23.913986,c2,AtlasNet_seed=0,Standard,a_NA,pcs_1000
803,23.867252,c2,AtlasNet_seed=0,Standard,a_NA,pcs_1000
804,23.82059,c2,AtlasNet_seed=0,Standard,a_NA,pcs_1000
805,23.732695,c2,AtlasNet_seed=0,Standard,a_NA,pcs_1000
806,23.60873,c2,AtlasNet_seed=0,Standard,a_NA,pcs_1000
807,23.558422,c2,AtlasNet_seed=0,Standard,a_NA,pcs_1000
808,23.434391,c2,AtlasNet_seed=0,Standard,a_NA,pcs_1000
809,23.4168,c2,AtlasNet_seed=0,Standard,a_NA,pcs_1000
810,23.273706,c2,AtlasNet_seed=0,Standard,a_NA,pcs_1000
811,23.253275,c2,AtlasNet_seed=0,Standard,a_NA,pcs_1000
812,23.192528,c2,AtlasNet_seed=0,Standard,a_NA,pcs_1000
813,23.113445,c2,AtlasNet_seed=0,Standard,a_NA,pcs_1000
814,23.095448,c2,AtlasNet_seed=0,Standard,a_NA,pcs_1000
815,23.012598,c2,AtlasNet_seed=0,Standard,a_NA,pcs_1000
816,22.883945,c2,AtlasNet_seed=0,Standard,a_NA,pcs_1000
817,22.699465,c2,AtlasNet_seed=0,Standard,a_NA,pcs_1000
818,22.630692,c2,AtlasNet_seed=0,Standard,a_NA,pcs_1000
819,22.53327,c2,AtlasNet_seed=0,Standard,a_NA,pcs_1000
820,22.485334,c2,AtlasNet_seed=0,Standard,a_NA,pcs_1000
821,22.379173,c2,AtlasNet_seed=0,Standard,a_NA,pcs_1000
822,22.293926,c2,AtlasNet_seed=0,Standard,a_NA,pcs_1000
823,22.244558,c2,AtlasNet_seed=0,Standard,a_NA,pcs_1000
824,22.129889,c2,AtlasNet_seed=0,Standard,a_NA,pcs_1000
825,22.077456,c2,AtlasNet_seed=0,Standard,a_NA,pcs_1000
826,22.033335,c2,AtlasNet_seed=0,Standard,a_NA,pcs_1000
827,21.992388,c2,AtlasNet_seed=0,Standard,a_NA,pcs_1000
828,21.886358,c2,AtlasNet_seed=0,Standard,a_NA,pcs_1000
829,21.749907,c2,AtlasNet_seed=0,Standard,a_NA,pcs_1000
830,21.740013,c2,AtlasNet_seed=0,Standard,a_NA,pcs_1000
831,21.660154,c2,AtlasNet_seed=0,Standard,a_NA,pcs_1000
832,21.519558,c2,AtlasNet_seed=0,Standard,a_NA,pcs_1000
833,21.455463,c2,AtlasNet_seed=0,Standard,a_NA,pcs_1000
834,21.407766,c2,AtlasNet_seed=0,Standard,a_NA,pcs_1000
835,21.327612,c2,AtlasNet_seed=0,Standard,a_NA,pcs_1000
836,21.24719,c2,AtlasNet_seed=0,Standard,a_NA,pcs_1000
837,21.187124,c2,AtlasNet_seed=0,Standard,a_NA,pcs_1000
838,21.105452,c2,AtlasNet_seed=0,Standard,a_NA,pcs_1000
839,20.96534,c2,AtlasNet_seed=0,Standard,a_NA,pcs_1000
840,20.950191,c2,AtlasNet_seed=0,Standard,a_NA,pcs_1000
841,20.870403,c2,AtlasNet_seed=0,Standard,a_NA,pcs_1000
842,20.796349,c2,AtlasNet_seed=0,Standard,a_NA,pcs_1000
843,20.705524,c2,AtlasNet_seed=0,Standard,a_NA,pcs_1000
844,20.626038,c2,AtlasNet_seed=0,Standard,a_NA,pcs_1000
845,20.599617,c2,AtlasNet_seed=0,Standard,a_NA,pcs_1000
846,20.514437,c2,AtlasNet_seed=0,Standard,a_NA,pcs_1000
847,20.463793,c2,AtlasNet_seed=0,Standard,a_NA,pcs_1000
848,20.390461,c2,AtlasNet_seed=0,Standard,a_NA,pcs_1000
849,20.326235,c2,AtlasNet_seed=0,Standard,a_NA,pcs_1000
850,20.272598,c2,AtlasNet_seed=0,Standard,a_NA,pcs_1000
851,20.084095,c2,AtlasNet_seed=0,Standard,a_NA,pcs_1000
852,20.00669,c2,AtlasNet_seed=0,Standard,a_NA,pcs_1000
853,19.953587,c2,AtlasNet_seed=0,Standard,a_NA,pcs_1000
854,19.919138,c2,AtlasNet_seed=0,Standard,a_NA,pcs_1000
855,19.84876,c2,AtlasNet_seed=0,Standard,a_NA,pcs_1000
856,19.769882,c2,AtlasNet_seed=0,Standard,a_NA,pcs_1000
857,19.692663,c2,AtlasNet_seed=0,Standard,a_NA,pcs_1000
858,19.643024,c2,AtlasNet_seed=0,Standard,a_NA,pcs_1000
859,19.585531,c2,AtlasNet_seed=0,Standard,a_NA,pcs_1000
860,19.519157,c2,AtlasNet_seed=0,Standard,a_NA,pcs_1000
861,19.39083,c2,AtlasNet_seed=0,Standard,a_NA,pcs_1000
862,19.327133,c2,AtlasNet_seed=0,Standard,a_NA,pcs_1000
863,19.257296,c2,AtlasNet_seed=0,Standard,a_NA,pcs_1000
864,19.201925,c2,AtlasNet_seed=0,Standard,a_NA,pcs_1000
865,19.145844,c2,AtlasNet_seed=0,Standard,a_NA,pcs_1000
866,19.056604,c2,AtlasNet_seed=0,Standard,a_NA,pcs_1000
867,18.987118,c2,AtlasNet_seed=0,Standard,a_NA,pcs_1000
868,18.951963,c2,AtlasNet_seed=0,Standard,a_NA,pcs_1000
869,18.881165,c2,AtlasNet_seed=0,Standard,a_NA,pcs_1000
870,18.794544,c2,AtlasNet_seed=0,Standard,a_NA,pcs_1000
871,18.676437,c2,AtlasNet_seed=0,Standard,a_NA,pcs_1000
872,18.63455,c2,AtlasNet_seed=0,Standard,a_NA,pcs_1000
873,18.58076,c2,AtlasNet_seed=0,Standard,a_NA,pcs_1000
874,18.488426,c2,AtlasNet_seed=0,Standard,a_NA,pcs_1000
875,18.403168,c2,AtlasNet_seed=0,Standard,a_NA,pcs_1000
876,18.330666,c2,AtlasNet_seed=0,Standard,a_NA,pcs_1000
877,18.29765,c2,AtlasNet_seed=0,Standard,a_NA,pcs_1000
878,18.237349,c2,AtlasNet_seed=0,Standard,a_NA,pcs_1000
879,18.120516,c2,AtlasNet_seed=0,Standard,a_NA,pcs_1000
880,18.028288,c2,AtlasNet_seed=0,Standard,a_NA,pcs_1000
881,17.98831,c2,AtlasNet_seed=0,Standard,a_NA,pcs_1000
882,17.95535,c2,AtlasNet_seed=0,Standard,a_NA,pcs_1000
883,17.804134,c2,AtlasNet_seed=0,Standard,a_NA,pcs_1000
884,17.753216,c2,AtlasNet_seed=0,Standard,a_NA,pcs_1000
885,17.69173,c2,AtlasNet_seed=0,Standard,a_NA,pcs_1000
886,17.668886,c2,AtlasNet_seed=0,Standard,a_NA,pcs_1000
887,17.575726,c2,AtlasNet_seed=0,Standard,a_NA,pcs_1000
888,17.556383,c2,AtlasNet_seed=0,Standard,a_NA,pcs_1000
889,17.528887,c2,AtlasNet_seed=0,Standard,a_NA,pcs_1000
890,17.399242,c2,AtlasNet_seed=0,Standard,a_NA,pcs_1000
891,17.350716,c2,AtlasNet_seed=0,Standard,a_NA,pcs_1000
892,17.305885,c2,AtlasNet_seed=0,Standard,a_NA,pcs_1000
893,17.265516,c2,AtlasNet_seed=0,Standard,a_NA,pcs_1000
894,17.1811,c2,AtlasNet_seed=0,Standard,a_NA,pcs_1000
895,17.119999,c2,AtlasNet_seed=0,Standard,a_NA,pcs_1000
896,17.036776,c2,AtlasNet_seed=0,Standard,a_NA,pcs_1000
897,16.96057,c2,AtlasNet_seed=0,Standard,a_NA,pcs_1000
898,16.886944,c2,AtlasNet_seed=0,Standard,a_NA,pcs_1000
899,16.820978,c2,AtlasNet_seed=0,Standard,a_NA,pcs_1000
900,16.78735,c2,AtlasNet_seed=0,Standard,a_NA,pcs_1000
901,16.726873,c2,AtlasNet_seed=0,Standard,a_NA,pcs_1000
902,16.602343,c2,AtlasNet_seed=0,Standard,a_NA,pcs_1000
903,16.533188,c2,AtlasNet_seed=0,Standard,a_NA,pcs_1000
904,16.454054,c2,AtlasNet_seed=0,Standard,a_NA,pcs_1000
905,16.413712,c2,AtlasNet_seed=0,Standard,a_NA,pcs_1000
906,16.372747,c2,AtlasNet_seed=0,Standard,a_NA,pcs_1000
907,16.316896,c2,AtlasNet_seed=0,Standard,a_NA,pcs_1000
908,16.258877,c2,AtlasNet_seed=0,Standard,a_NA,pcs_1000
909,16.121437,c2,AtlasNet_seed=0,Standard,a_NA,pcs_1000
910,16.016396,c2,AtlasNet_seed=0,Standard,a_NA,pcs_1000
911,16.001465,c2,AtlasNet_seed=0,Standard,a_NA,pcs_1000
912,15.93106,c2,AtlasNet_seed=0,Standard,a_NA,pcs_1000
913,15.883102,c2,AtlasNet_seed=0,Standard,a_NA,pcs_1000
914,15.821603,c2,AtlasNet_seed=0,Standard,a_NA,pcs_1000
915,15.72848,c2,AtlasNet_seed=0,Standard,a_NA,pcs_1000
916,15.702208,c2,AtlasNet_seed=0,Standard,a_NA,pcs_1000
917,15.621742,c2,AtlasNet_seed=0,Standard,a_NA,pcs_1000
918,15.559333,c2,AtlasNet_seed=0,Standard,a_NA,pcs_1000
919,15.5386915,c2,AtlasNet_seed=0,Standard,a_NA,pcs_1000
920,15.468466,c2,AtlasNet_seed=0,Standard,a_NA,pcs_1000
921,15.36744,c2,AtlasNet_seed=0,Standard,a_NA,pcs_1000
922,15.297347,c2,AtlasNet_seed=0,Standard,a_NA,pcs_1000
923,15.269132,c2,AtlasNet_seed=0,Standard,a_NA,pcs_1000
924,15.199734,c2,AtlasNet_seed=0,Standard,a_NA,pcs_1000
925,15.105575,c2,AtlasNet_seed=0,Standard,a_NA,pcs_1000
926,14.97193,c2,AtlasNet_seed=0,Standard,a_NA,pcs_1000
927,14.954452,c2,AtlasNet_seed=0,Standard,a_NA,pcs_1000
928,14.926019,c2,AtlasNet_seed=0,Standard,a_NA,pcs_1000
929,14.847408,c2,AtlasNet_seed=0,Standard,a_NA,pcs_1000
930,14.829865,c2,AtlasNet_seed=0,Standard,a_NA,pcs_1000
931,14.757704,c2,AtlasNet_seed=0,Standard,a_NA,pcs_1000
932,14.676002,c2,AtlasNet_seed=0,Standard,a_NA,pcs_1000
933,14.581963,c2,AtlasNet_seed=0,Standard,a_NA,pcs_1000
934,14.531343,c2,AtlasNet_seed=0,Standard,a_NA,pcs_1000
935,14.479339,c2,AtlasNet_seed=0,Standard,a_NA,pcs_1000
936,14.428974,c2,AtlasNet_seed=0,Standard,a_NA,pcs_1000
937,14.29179,c2,AtlasNet_seed=0,Standard,a_NA,pcs_1000
938,14.27568,c2,AtlasNet_seed=0,Standard,a_NA,pcs_1000
939,14.24885,c2,AtlasNet_seed=0,Standard,a_NA,pcs_1000
940,14.173297,c2,AtlasNet_seed=0,Standard,a_NA,pcs_1000
941,14.088032,c2,AtlasNet_seed=0,Standard,a_NA,pcs_1000
942,13.958748,c2,AtlasNet_seed=0,Standard,a_NA,pcs_1000
943,13.95015,c2,AtlasNet_seed=0,Standard,a_NA,pcs_1000
944,13.892247,c2,AtlasNet_seed=0,Standard,a_NA,pcs_1000
945,13.804934,c2,AtlasNet_seed=0,Standard,a_NA,pcs_1000
946,13.795576,c2,AtlasNet_seed=0,Standard,a_NA,pcs_1000
947,13.685405,c2,AtlasNet_seed=0,Standard,a_NA,pcs_1000
948,13.673072,c2,AtlasNet_seed=0,Standard,a_NA,pcs_1000
949,13.621405,c2,AtlasNet_seed=0,Standard,a_NA,pcs_1000
950,13.537732,c2,AtlasNet_seed=0,Standard,a_NA,pcs_1000
951,13.511764,c2,AtlasNet_seed=0,Standard,a_NA,pcs_1000
952,13.475535,c2,AtlasNet_seed=0,Standard,a_NA,pcs_1000
953,13.333641,c2,AtlasNet_seed=0,Standard,a_NA,pcs_1000
954,13.295921,c2,AtlasNet_seed=0,Standard,a_NA,pcs_1000
955,13.207373,c2,AtlasNet_seed=0,Standard,a_NA,pcs_1000
956,13.152146,c2,AtlasNet_seed=0,Standard,a_NA,pcs_1000
957,13.088653,c2,AtlasNet_seed=0,Standard,a_NA,pcs_1000
958,13.027613,c2,AtlasNet_seed=0,Standard,a_NA,pcs_1000
959,12.953973,c2,AtlasNet_seed=0,Standard,a_NA,pcs_1000
960,12.921144,c2,AtlasNet_seed=0,Standard,a_NA,pcs_1000
961,12.88572,c2,AtlasNet_seed=0,Standard,a_NA,pcs_1000
962,12.846173,c2,AtlasNet_seed=0,Standard,a_NA,pcs_1000
963,12.715667,c2,AtlasNet_seed=0,Standard,a_NA,pcs_1000
964,12.621681,c2,AtlasNet_seed=0,Standard,a_NA,pcs_1000
965,12.552791,c2,AtlasNet_seed=0,Standard,a_NA,pcs_1000
966,12.51532,c2,AtlasNet_seed=0,Standard,a_NA,pcs_1000
967,12.466629,c2,AtlasNet_seed=0,Standard,a_NA,pcs_1000
968,12.417557,c2,AtlasNet_seed=0,Standard,a_NA,pcs_1000
969,12.349774,c2,AtlasNet_seed=0,Standard,a_NA,pcs_1000
970,12.278619,c2,AtlasNet_seed=0,Standard,a_NA,pcs_1000
971,12.172831,c2,AtlasNet_seed=0,Standard,a_NA,pcs_1000
972,12.145689,c2,AtlasNet_seed=0,Standard,a_NA,pcs_1000
973,12.044809,c2,AtlasNet_seed=0,Standard,a_NA,pcs_1000
974,11.972046,c2,AtlasNet_seed=0,Standard,a_NA,pcs_1000
975,11.912291,c2,AtlasNet_seed=0,Standard,a_NA,pcs_1000
976,11.898691,c2,AtlasNet_seed=0,Standard,a_NA,pcs_1000
977,11.790818,c2,AtlasNet_seed=0,Standard,a_NA,pcs_1000
978,11.742514,c2,AtlasNet_seed=0,Standard,a_NA,pcs_1000
979,11.646944,c2,AtlasNet_seed=0,Standard,a_NA,pcs_1000
980,11.592987,c2,AtlasNet_seed=0,Standard,a_NA,pcs_1000
981,11.562522,c2,AtlasNet_seed=0,Standard,a_NA,pcs_1000
982,11.468506,c2,AtlasNet_seed=0,Standard,a_NA,pcs_1000
983,11.434978,c2,AtlasNet_seed=0,Standard,a_NA,pcs_1000
984,11.359355,c2,AtlasNet_seed=0,Standard,a_NA,pcs_1000
985,11.284624,c2,AtlasNet_seed=0,Standard,a_NA,pcs_1000
986,11.247824,c2,AtlasNet_seed=0,Standard,a_NA,pcs_1000
987,11.144902,c2,AtlasNet_seed=0,Standard,a_NA,pcs_1000
988,11.100696,c2,AtlasNet_seed=0,Standard,a_NA,pcs_1000
989,11.022881,c2,AtlasNet_seed=0,Standard,a_NA,pcs_1000
990,10.99328,c2,AtlasNet_seed=0,Standard,a_NA,pcs_1000
991,10.8579855,c2,AtlasNet_seed=0,Standard,a_NA,pcs_1000
992,10.753098,c2,AtlasNet_seed=0,Standard,a_NA,pcs_1000
993,10.705618,c2,AtlasNet_seed=0,Standard,a_NA,pcs_1000
994,10.641915,c2,AtlasNet_seed=0,Standard,a_NA,pcs_1000
995,10.592936,c2,AtlasNet_seed=0,Standard,a_NA,pcs_1000
996,10.296516,c2,AtlasNet_seed=0,Standard,a_NA,pcs_1000
997,10.069371,c2,AtlasNet_seed=0,Standard,a_NA,pcs_1000
998,9.962284,c2,AtlasNet_seed=0,Standard,a_NA,pcs_1000
999,9.890129,c2,AtlasNet_seed=0,Standard,a_NA,pcs_1000
1000,0.103489496,c2,AtlasNet_seed=0,Standard,a_NA,pcs_1000
